tenor,discount_factor,rc,rann,fwd_c,fwd_ann
1,0.97966221246914,0.0205474478876601,0.0207600000000001,0.0205474478876601,0.0207600000000001
2,0.958103566101524,0.0213997001382902,0.0216303158189828,0.0222519523889203,0.0225013736827406
3,0.934526106480264,0.0225719053894207,0.0228285784075415,0.0249163158916816,0.0252293215328785
4,0.909981884289693,0.0235826467608398,0.0238629162035526,0.0266148708750972,0.026972209682756
5,0.88477067272539,0.0244853588834681,0.0247875869628791,0.028096207373981,0.0284946284291319
6,0.859029844938515,0.0253252689641283,0.0256486779565863,0.0295248193674295,0.0299649982343952
7,0.832638674844143,0.0261650706586405,0.0265103812336003,0.0312038808257137,0.0316958254423045
8,0.806538218140298,0.0268754993611153,0.027239902777656,0.0318485002784389,0.0323610910392158
9,0.780452268027847,0.0275424107256107,0.0279252092368141,0.0328777016415737,0.0334241454360407
10,0.75405775090644,0.0282286321193142,0.0286308355867781,0.0344046246626461,0.0350033098786922
11,0.728558670946451,0.0287897381767271,0.0292081685368282,0.0344007987508564,0.0349993500549015
12,0.703443292244906,0.0293140011429342,0.0297478857286158,0.0350808937712113,0.0357034873719455
13,0.678093284865383,0.0298823394007014,0.030333297188037,0.0367023984939084,0.0373842477802373
14,0.654593355408903,0.030267219112808,0.0307299278934923,0.0352706553701933,0.0359000427705238
15,0.63190783703241,0.030600781529967,0.0310737980075635,0.0352706553701935,0.0359000427705241
16,0.610452065562121,0.0308472190751085,0.0313279246150868,0.0345437822522317,0.0351473484663067
17,0.589724802431826,0.0310646639678805,0.0315522059886033,0.0345437822522316,0.0351473484663067
18,0.569701311900738,0.0312579483170111,0.0317516081553702,0.0345437822522315,0.0351473484663067
19,0.55035769810435,0.0314308869451806,0.0319300532926803,0.0345437822522318,0.035147348466307
20,0.531670876537307,0.0315865317105332,0.0320906803037377,0.0345437822522315,0.0351473484663067
21,0.514792648020863,0.0316186230759951,0.032123802034407,0.0322604503852342,0.0327864599102812
22,0.498439495430079,0.0316487759184634,0.0321549239700227,0.032271217997766,0.032797580614581
23,0.482596514668142,0.031677145556792,0.0321842062472766,0.0322812378651843,0.0328079291612542
24,0.467249030371888,0.0317038711595487,0.0322117923609706,0.0322905684046264,0.032817565861331
25,0.452382621253737,0.031729078001461,0.0322378114883692,0.0322992631651722,0.0328265460017938
26,0.437983140343422,0.0317528792966599,0.0322623803776205,0.0323073712504156,0.0328349202814202
27,0.424036730852235,0.0317753777086595,0.0322856049032025,0.0323149377033062,0.0328427352077538
28,0.410529838287306,0.0317966666094382,0.032307581362947,0.0323220038567007,0.0328500334587385
29,0.397449219360339,0.0318168311408746,0.0323283975714974,0.0323286076527446,0.0328568542122247
30,0.384781948162808,0.0318359491183272,0.0323481337911835,0.0323347839339153,0.0328632334462653
31,0.372515420016473,0.0318540918065141,0.0323668635313785,0.0323405647082976,0.0328692042128436
32,0.360637353353161,0.0318713245908676,0.0323846542402027,0.0323459793914249,0.0328747968874374
33,0.349135789929908,0.0318877075623974,0.0324015679071488,0.0323510550268038,0.0328800393966031
34,0.337999093644009,0.031903296030274,0.0324176615912632,0.0323558164870465,0.0328849574255548
35,0.327215948176379,0.0319181409734576,0.0324329878865501,0.0323602866573569,0.032889574607545
36,0.316775353660218,0.0319322894404996,0.0324475953339887,0.0323644866029577,0.0328939126966801
37,0.306666622544757,0.0319457849049449,0.032461528787822,0.0323684357218999,0.0328979917256502
38,0.296879374800174,0.0319586675824421,0.0324748297424016,0.0323721518845632,0.0329018301497341
39,0.287403532589276,0.0319709747146253,0.0324875366247994,0.032375651561038,0.0329054449782953
40,0.278229314513761,0.0319827408240017,0.032499685057555,0.0323789499374703,0.0329088518948903
41,0.269347229527428,0.0319939979434161,0.0325113080952257,0.0323820610223522,0.0329120653670028
42,0.260748070595401,0.0320047758231192,0.0325224364378662,0.0323849977436519,0.0329150987463198
43,0.252422908166835,0.0320151021180312,0.0325330986240986,0.0323877720375947,0.0329179643603967
44,0.244363083518596,0.0320250025574255,0.0325433212060682,0.0323903949298358,0.0329206735964642
45,0.23656020201875,0.0320345010989563,0.0325531289082663,0.0323928766096949,0.0329232369780765
46,0.229006126351216,0.0320436200687032,0.0325625447719422,0.0323952264980648,0.03292566423523
47,0.221692969736508,0.0320523802886923,0.0325715902866073,0.032397453309551,0.0329279643685245
48,0.214613089177886,0.0320608011931744,0.0325802855099508,0.0323995651093467,0.0329301457078921
49,0.207759078757451,0.0320689009347865,0.0325886491773288,0.0324015693653061,0.0329322159663668
50,0.201123763002582,0.0320766964815928,0.0325966988018509,0.0324034729956326,0.0329341822893299
51,0.194700190339539,0.0320842037058873,0.0326044507659722,0.0324052824125674,0.0329360512996229
52,0.188481626647988,0.0320914374655418,0.0326119204054041,0.0324070035624222,0.0329378291388875
53,0.182461548927583,0.0320984116785996,0.0326191220860559,0.0324086419622763,0.0329395215054624
54,0.176633639085482,0.0321051393917386,0.0326260692746605,0.0324102027336242,0.0329411336891299
55,0.170991777851716,0.0321116328431635,0.0326327746036517,0.032411690633238,0.0329426706029869
56,0.165530038827716,0.0321179035204295,0.0326392499308179,0.0324131100814831,0.0329441368126888
57,0.16024268267185,0.0321239622136496,0.0326455063941933,0.0324144651883072,0.0329455365632858
58,0.155124151424656,0.0321298190644907,0.0326515544626071,0.0324157597770999,0.0329468738038665
59,0.150169062975409,0.0321354836113271,0.0326574039822707,0.032416997406606,0.0329481522101869
60,0.145372205670819,0.0321409648308823,0.0326630642197396,0.0324181813910569,0.0329493752054617
61,0.14072853306591,0.0321462711766595,0.0326685439015682,0.0324193148186724,0.0329505459794723
62,0.136233158816531,0.0321514106144322,0.0326738512509279,0.0324204005686699,0.0329516675061341
63,0.131881351712428,0.0321563906550426,0.03267899402145,0.0324214413269075,0.0329527425596505
64,0.127668530849392,0.0321612183847304,0.0326839795285216,0.0324224396002747,0.0329537737293777
65,0.12359026093864,0.0321659004931978,0.0326888146782458,0.0324233977299376,0.0329547634335028
66,0.119642247751303,0.0321704432995932,0.0326935059942532,0.0324243179035323,0.0329557139316379
67,0.11582033369565,0.0321748527765858,0.0326980596425481,0.0324252021663954,0.0329566273364188
68,0.112120493524528,0.0321791345726824,0.0327024814545354,0.0324260524319112,0.0329575056241918
69,0.108538830170309,0.0321832940329278,0.032706776948386,0.0324268704910481,0.032958350644863
70,0.105071570704554,0.0321873362181184,0.0327109513488626,0.0324276580211524,0.032959164130981
71,0.101715062419519,0.0321912659226433,0.0327150096057349,0.032428416594059,0.0329599477061135
72,0.0984657690285737,0.0321950876910639,0.0327189564108881,0.0324291476835757,0.0329607028925787
73,0.0953202669825539,0.0321988058335272,0.0327227962142309,0.0324298526723928,0.0329614311185793
74,0.0922752418990817,0.0322024244401038,0.0327265332384945,0.0324305328584632,0.032962133724795
75,0.08932748510186,0.0322059473941336,0.0327301714930053,0.0324311894608974,0.032962811970469
76,0.0864738902669764,0.0322093783846542,0.0327337147865125,0.0324318236254116,0.0329634670390366
77,0.0837114501732662,0.0322127209179805,0.0327371667391405,0.0324324364293655,0.0329641000433274
78,0.0810372535538211,0.0322159783285017,0.032740530793532,0.0324330288864219,0.0329647120303789
79,0.0784484820457646,0.0322191537887511,0.0327438102252424,0.0324336019508588,0.0329653039858895
80,0.0759424072354635,0.0322222503188049,0.0327470081524399,0.0324341565215621,0.0329658768383434
81,0.0735163877963915,0.0322252707950585,0.0327501275449651,0.0324346934457226,0.0329664314628284
82,0.0711678667169188,0.0322282179584259,0.0327531712327938,0.0324352135222622,0.0329669686845755
83,0.0688943686153519,0.0322310944220037,0.0327561419139482,0.0324357175050103,0.0329674892822383
84,0.0666934971396127,0.0322339026782399,0.0327590421618966,0.0324362061056483,0.0329679939909358
85,0.0645629324490024,0.0322366451056408,0.0327618744324758,0.0324366799964431,0.0329684835050754
86,0.0625004287755595,0.0322393239750507,0.0327646410703748,0.0324371398127833,0.0329689584809723
87,0.0605038120625811,0.0322419414555343,0.0327673443152048,0.0324375861555346,0.0329694195392822
88,0.0585709776779428,0.0322444996198886,0.0327699863071906,0.0324380195932284,0.032969867267262
89,0.0566998881999107,0.0322470004498119,0.0327725690925058,0.0324384406640955,0.0329703022208714
90,0.0548885712732052,0.0322494458407525,0.0327750946282779,0.0324388498779581,0.0329707249267253
91,0.0531351175331361,0.0322518376064599,0.0327775647872868,0.0324392477179886,0.0329711358839115
92,0.0514376785956894,0.0322541774832577,0.032779981362375,0.0324396346423479,0.0329715355656839
93,0.0497944651115076,0.0322564671340592,0.0327823460705943,0.0324400110857101,0.0329719244210351
94,0.048203744881764,0.0322587081521409,0.0327846605570998,0.0324403774606836,0.0329723028761657
95,0.0466638410339909,0.0322609020646921,0.0327869263988148,0.0324407341591345,0.0329726713358518
96,0.0451731302559758,0.0322630503361533,0.0327891451078775,0.0324410815534218,0.0329730301847191
97,0.0437300410859004,0.0322651543713603,0.0327913181348862,0.0324414199975492,0.0329733797884342
98,0.0423330522569466,0.0322672155185039,0.0327934468719553,0.03244174982824,0.0329737204948137
99,0.0409806910946532,0.0322692350719192,0.0327955326555944,0.0324420713659409,0.0329740526348623
100,0.0396715319653524,0.0322712142747146,0.0327975767694226,0.03244238491576,0.0329743765237402
101,0.0384041947740728,0.0322731543212519,0.0327995804467289,0.032442690768343,0.0329746924616698
102,0.0371773435103403,0.0322750563594853,0.0328015448728864,0.0324429892006931,0.0329750007347809
103,0.0359896848403583,0.0322769214931698,0.0328034711876337,0.0324432804769377,0.0329753016159038
104,0.0348399667440971,0.0322787507839473,0.0328053604872265,0.0324435648490459,0.0329755953653097
105,0.0337269771958647,0.0322805452533164,0.032807213826473,0.0324438425575007,0.0329758822314061
106,0.0326495428869787,0.0322823058844954,0.0328090322206562,0.0324441138319285,0.0329761624513854
107,0.0316065279892014,0.0322840336241834,0.0328108166473529,0.0324443788916893,0.0329764362518361
108,0.0305968329576389,0.0322857293842266,0.032812568048153,0.0324446379464297,0.0329767038493134
109,0.0296193933718527,0.0322873940431954,0.0328142873302884,0.0324448911966026,0.0329769654508754
110,0.0286731788139627,0.0322890284478776,0.0328159753681749,0.0324451388339541,0.0329772212545869
111,0.0277571917825678,0.0322906334146931,0.0328176330048722,0.032445381041981,0.032977471449992
112,0.0268704666413395,0.0322922097310344,0.0328192610534679,0.0324456179963608,0.0329777162185569
113,0.0260120686011864,0.0322937581565376,0.0328208602983899,0.0324458498653558,0.0329779557340897
114,0.0251810927349183,0.0322952794242876,0.0328224314966514,0.0324460768101928,0.0329781901631301
115,0.0243766630233732,0.032296774241962,0.0328239753790305,0.0324462989854207,0.0329784196653204
116,0.0235979314320055,0.032298243292917,0.0328254926511922,0.032446516539247,0.0329786443937525
117,0.0228440770169625,0.0322996872372181,0.0328269839947533,0.0324467296138542,0.0329788644952949
118,0.0221143050597095,0.0323011067126198,0.0328284500682916,0.0324469383456988,0.0329790801109011
119,0.0214078462292916,0.0323025023354963,0.0328298915083098,0.0324471428657919,0.0329792913759004
120,0.0207239557713514,0.0323038747017263,0.0328313089301471,0.0324473432999649,0.0329794984202711
121,0.0200619127230487,0.0323052243875351,0.0328327029288482,0.0324475397691197,0.0329797013688999
122,0.019421019153054,0.0323065519502953,0.0328340740799922,0.0324477323894643,0.0329799003418252
123,0.0188005994258181,0.0323078579292886,0.0328354229404775,0.0324479212727363,0.0329800954544672
124,0.01819999948934,0.0323091428464325,0.0328367500492717,0.0324481065264131,0.0329802868178457
125,0.0176185861856855,0.0323104072069707,0.0328380559281265,0.0324482882539111,0.0329804745387858
126,0.017055746583528,0.0323116515001324,0.0328393410822563,0.0324484665547738,0.0329806587201118
127,0.01651088733201,0.0323128761997602,0.0328406060009874,0.0324486415248494,0.0329808394608315
128,0.0159834340352436,0.0323140817649086,0.0328418511583763,0.0324488132564596,0.0329810168563098
129,0.0154728306467911,0.0323152686404155,0.0328430770137995,0.0324489818385591,0.032981190998433
130,0.0149785388834879,0.0323164372574468,0.0328442840125152,0.0324491473568856,0.0329813619757653
131,0.0145000376579902,0.0323175880340169,0.0328454725862017,0.032449309894104,0.0329815298736962
132,0.0140368225294483,0.0323187213754853,0.0328466431534695,0.0324494695299411,0.0329816947745805
133,0.0135884051717287,0.0323198376750314,0.0328477961203519,0.0324496263413143,0.0329818567578712
134,0.0131543128586224,0.0323209373141072,0.0328489318807725,0.0324497804024535,0.0329820159002452
135,0.0127340879654983,0.0323220206628713,0.0328500508169924,0.0324499317850171,0.0329821722757226
136,0.0123272874868757,0.0323230880806029,0.0328511533000391,0.0324500805582012,0.0329823259557809
137,0.0119334825694084,0.0323241399160981,0.0328522396901148,0.0324502267888443,0.0329824770094618
138,0.0115522580597861,0.0323251765080491,0.0328533103369879,0.0324503705415264,0.0329826255034742
139,0.0111832120670799,0.0323261981854067,0.0328543655803679,0.0324505118786628,0.0329827715022908
140,0.0108259555390668,0.0323272052677283,0.0328554057502639,0.0324506508605941,0.0329829150682413
141,0.0104801118520898,0.0323281980655097,0.0328564311673283,0.0324507875456711,0.0329830562616003
142,0.0101453164140191,0.0323291768805044,0.0328574421431853,0.0324509219903358,0.0329831951406701
143,0.0098212162798975,0.0323301420060286,0.0328584389807467,0.0324510542491986,0.032983331761862
144,0.00950746977986338,0.0323310937272537,0.0328594219745133,0.0324511843751119,0.0329834661797701
145,0.00920374615896037,0.0323320323214871,0.0328603914108656,0.0324513124192398,0.0329835984472455
146,0.00890972522845302,0.0323329580584411,0.0328613475683408,0.0324514384311249,0.0329837286154644
147,0.00862509702828156,0.0323338712004909,0.0328622907178995,0.0324515624587519,0.0329838567339928
148,0.00834956150029958,0.0323347720029224,0.0328632211231814,0.0324516845486082,0.0329839828508511
149,0.00808282817195024,0.0323356607141699,0.0328641390407511,0.0324518047457415,0.0329841070125723
150,0.00782461585004776,0.0323365375760444,0.0328650447203334,0.0324519230938154,0.0329842292642588
